{"coef": [-0.1387666780942709, 0.2346702523982458, -0.09524699401845282], "intercept": [-1.6649936979347157]}
