{"coef": [-0.2054701968027075, 0.41161634717900597, -0.17936322203968302], "intercept": [-3.2534403467031807]}