{"coef": [0.14255368492354137, 0.07439771528197525, -0.2797322201829502], "intercept": [3.2121203321457417]}
