{"coef": [-0.29808753420365974, 0.5540327098624402, -0.2558976214422728], "intercept": [-1.0057359611731225]}
