{"coef": [-0.24462341454182024, 0.002049898952463991, 0.29915288109077665], "intercept": [-26.939148388984737]}
